ntrk,tki,SMILES,mutation,resid,from,to,IC50,DOI
NTRK1,larotrectinib,O=C(Nc1cnn2ccc(N3CCC[C@@H]3c3cc(F)ccc3F)nc12)N1CC[C@H](O)C1,G595R,595,GLY,ARG,69,10.1158/2159-8290.CD-17-0507
NTRK1,larotrectinib,O=C(Nc1cnn2ccc(N3CCC[C@@H]3c3cc(F)ccc3F)nc12)N1CC[C@H](O)C1,G667C,667,GLY,CYS,45.5,10.1158/2159-8290.CD-17-0507
NTRK1,selitrectinib,C[C@@H]1CCc2ncc(F)cc2[C@H]2CCCN2c2ccn3ncc(c3n2)C(=O)N1,G595R,595,GLY,ARG,2,10.1158/2159-8290.CD-17-0507
NTRK1,selitrectinib,C[C@@H]1CCc2ncc(F)cc2[C@H]2CCCN2c2ccn3ncc(c3n2)C(=O)N1,G667C,667,GLY,CYS,9.8,10.1158/2159-8290.CD-17-0507
NTRK1,repotrectinib,C[C@H]1CNC(=O)c2cnn3ccc(nc23)N[C@H](C)c2cc(F)ccc2O1,G595R,595,GLY,ARG,2.67,10.1158/2159-8290.CD-18-0484
NTRK1,entrectinib,,G595R,595,GLY,ARG,,
NTRK1,entrectinib,,G667C,667,GLY,CYS,,
NTRK2,repotrectinib,C[C@H]1CNC(=O)c2cnn3ccc(nc23)N[C@H](C)c2cc(F)ccc2O1,G639R,639,GLY,ARG,2.66,10.1158/2159-8290.CD-18-0484
NTRK3,larotrectinib,O=C(Nc1cnn2ccc(N3CCC[C@@H]3c3cc(F)ccc3F)nc12)N1CC[C@H](O)C1,G623R,623,GLY,ARG,48,10.1158/2159-8290.CD-17-0507
NTRK3,larotrectinib,O=C(Nc1cnn2ccc(N3CCC[C@@H]3c3cc(F)ccc3F)nc12)N1CC[C@H](O)C1,G696A,696,GLY,ALA,4.5,10.1158/2159-8290.CD-17-0507
NTRK3,selitrectinib,C[C@@H]1CCc2ncc(F)cc2[C@H]2CCCN2c2ccn3ncc(c3n2)C(=O)N1,G623R,623,GLY,ARG,2.3,10.1158/2159-8290.CD-17-0507
NTRK3,selitrectinib,C[C@@H]1CCc2ncc(F)cc2[C@H]2CCCN2c2ccn3ncc(c3n2)C(=O)N1,G696A,696,GLY,ALA,2.5,10.1158/2159-8290.CD-17-0507
NTRK3,repotrectinib,C[C@H]1CNC(=O)c2cnn3ccc(nc23)N[C@H](C)c2cc(F)ccc2O1,G623R,623,GLY,ARG,4.46,10.1158/2159-8290.CD-18-0484